{
  "width": 4.0,
  "height": 2.0,
  "resolution": 0.02,
  "origin_x": -2.0,
  "origin_y": -1.0,
  "grid_width": 200,
  "grid_height": 100,
  "robot_pose": {
    "world_x": 0.28005545888869204,
    "world_y": 0.5572275311040729,
    "theta": -108.14403780694758,
    "grid_x": 114,
    "grid_y": 77
  }
}