{
  "width": 4.0,
  "height": 2.0,
  "resolution": 0.02,
  "origin_x": -2.0,
  "origin_y": -1.0,
  "grid_width": 200,
  "grid_height": 100,
  "robot_pose": {
    "world_x": -0.17586766119233907,
    "world_y": 0.4776444532617196,
    "theta": -125.410438862033,
    "grid_x": 91,
    "grid_y": 73
  }
}