{
  "width": 4.0,
  "height": 2.0,
  "resolution": 0.02,
  "origin_x": -2.0,
  "origin_y": -1.0,
  "grid_width": 200,
  "grid_height": 100,
  "robot_pose": {
    "world_x": 1.5179528352741734,
    "world_y": -1.1204688443764228,
    "theta": -85.27106162241131,
    "grid_x": 175,
    "grid_y": -6
  }
}