{
  "width": 4.0,
  "height": 2.0,
  "resolution": 0.02,
  "origin_x": -2.0,
  "origin_y": -1.0,
  "grid_width": 200,
  "grid_height": 100,
  "robot_pose": {
    "world_x": -0.10903054207133549,
    "world_y": 0.4952510729137369,
    "theta": -118.07977253539936,
    "grid_x": 94,
    "grid_y": 74
  }
}