{
  "width": 4.0,
  "height": 2.0,
  "resolution": 0.02,
  "origin_x": -2.0,
  "origin_y": -1.0,
  "grid_width": 200,
  "grid_height": 100,
  "robot_pose": {
    "world_x": 1.7760973835448817,
    "world_y": -1.4646713429574079,
    "theta": 35.69678437478317,
    "grid_x": 188,
    "grid_y": -23
  }
}