{
  "width": 4.0,
  "height": 2.0,
  "resolution": 0.02,
  "origin_x": -2.0,
  "origin_y": -1.0,
  "grid_width": 200,
  "grid_height": 100,
  "robot_pose": {
    "world_x": -0.08226986652044478,
    "world_y": -0.0779677182545908,
    "theta": -100.80644751773306,
    "grid_x": 95,
    "grid_y": 46
  }
}