{
  "width": 4.0,
  "height": 2.0,
  "resolution": 0.02,
  "origin_x": -2.0,
  "origin_y": -1.0,
  "grid_width": 200,
  "grid_height": 100,
  "robot_pose": {
    "world_x": -0.9742832670039782,
    "world_y": 0.9508894093579271,
    "theta": 4.007668729505553,
    "grid_x": 51,
    "grid_y": 97
  }
}