{
  "width": 4.0,
  "height": 2.0,
  "resolution": 0.02,
  "origin_x": -2.0,
  "origin_y": -1.0,
  "grid_width": 200,
  "grid_height": 100,
  "robot_pose": {
    "world_x": -0.20137284223090954,
    "world_y": -0.1562698200122786,
    "theta": 95.31289119204914,
    "grid_x": 89,
    "grid_y": 42
  }
}