{
  "width": 4.0,
  "height": 2.0,
  "resolution": 0.02,
  "origin_x": -2.0,
  "origin_y": -1.0,
  "grid_width": 200,
  "grid_height": 100,
  "robot_pose": {
    "world_x": 1.298235192425487,
    "world_y": -0.8803233920094595,
    "theta": -75.9011696534219,
    "grid_x": 164,
    "grid_y": 5
  }
}