{
  "width": 4.0,
  "height": 2.0,
  "resolution": 0.02,
  "origin_x": -2.0,
  "origin_y": -1.0,
  "grid_width": 200,
  "grid_height": 100,
  "robot_pose": {
    "world_x": 0.8457242310320494,
    "world_y": 0.5350794976886174,
    "theta": 6.575279508405375,
    "grid_x": 142,
    "grid_y": 76
  }
}