{
  "width": 4.0,
  "height": 2.0,
  "resolution": 0.02,
  "origin_x": -2.0,
  "origin_y": -1.0,
  "grid_width": 200,
  "grid_height": 100,
  "robot_pose": {
    "world_x": -0.24295117026802462,
    "world_y": 0.49526205708414106,
    "theta": -109.96891205644452,
    "grid_x": 87,
    "grid_y": 74
  }
}