{
  "width": 4.0,
  "height": 2.0,
  "resolution": 0.02,
  "origin_x": -2.0,
  "origin_y": -1.0,
  "grid_width": 200,
  "grid_height": 100,
  "robot_pose": {
    "world_x": 0.311439423313451,
    "world_y": -0.008885789090806059,
    "theta": -58.65501909658037,
    "grid_x": 115,
    "grid_y": 49
  }
}