{
  "width": 4.0,
  "height": 2.0,
  "resolution": 0.02,
  "origin_x": -2.0,
  "origin_y": -1.0,
  "grid_width": 200,
  "grid_height": 100,
  "robot_pose": {
    "world_x": 0.9318606681152265,
    "world_y": -0.49241031095915194,
    "theta": -59.60818509783324,
    "grid_x": 146,
    "grid_y": 25
  }
}