{
  "width": 4.0,
  "height": 2.0,
  "resolution": 0.02,
  "origin_x": -2.0,
  "origin_y": -1.0,
  "grid_width": 200,
  "grid_height": 100,
  "robot_pose": {
    "world_x": -0.03542246684368961,
    "world_y": -0.593685085034274,
    "theta": 95.30341108646134,
    "grid_x": 98,
    "grid_y": 20
  }
}