{
  "width": 4.0,
  "height": 2.0,
  "resolution": 0.02,
  "origin_x": -2.0,
  "origin_y": -1.0,
  "grid_width": 200,
  "grid_height": 100,
  "robot_pose": {
    "world_x": 0.040098410261750164,
    "world_y": -0.33818253168932616,
    "theta": 131.96478290030987,
    "grid_x": 102,
    "grid_y": 33
  }
}