{
  "width": 4.0,
  "height": 2.0,
  "resolution": 0.02,
  "origin_x": -2.0,
  "origin_y": -1.0,
  "grid_width": 200,
  "grid_height": 100,
  "robot_pose": {
    "world_x": 0.4727258778408234,
    "world_y": -0.6256185998764872,
    "theta": -18.33365439991343,
    "grid_x": 123,
    "grid_y": 18
  }
}