{
  "width": 4.0,
  "height": 2.0,
  "resolution": 0.02,
  "origin_x": -2.0,
  "origin_y": -1.0,
  "grid_width": 200,
  "grid_height": 100,
  "robot_pose": {
    "world_x": 0.05397424855341846,
    "world_y": -0.04174624036739,
    "theta": -108.14523987925398,
    "grid_x": 102,
    "grid_y": 47
  }
}