{
  "width": 4.0,
  "height": 2.0,
  "resolution": 0.02,
  "origin_x": -2.0,
  "origin_y": -1.0,
  "grid_width": 200,
  "grid_height": 100,
  "robot_pose": {
    "world_x": -0.3022877899448766,
    "world_y": -1.1633795684730472,
    "theta": -1.83351543671636,
    "grid_x": 84,
    "grid_y": -8
  }
}